,10.74.30.14,Jaquith Building Basement Floor Women Health,Jaquith,PRNT06,JBTSA9,\\PRNT06\JBTSA9,HP Lzj 4250,
x,10.74.39.31,Jaquith Building 1st CARDIAC REHABILITATION 04,Jaquith,PRNT04,JQ1CARP04,\\PRNT04\JQ1CARP04,,
,10.74.33.14,Jaquith 1st Fl Case Management 01,Jaquith,PRNT01,JQ1CSMP01,\\PRNT01\JQ1CSMP01,HP Lzj 2430,
,10.74.39.14,Jaquith Building FL1 RADIOLOGY 06,Jaquith,PRNT06,JQ1RAD06,\\PRNT06\JQ1RAD06,HP Lzj 4250,
,10.74.41.29,Jaquity Building FL1 UROLOGY 02,Jaquith,PRNT01,JQ1UROP02,\\PRNT01\JQ1UROP02,HP Lzj P4014,
,10.74.41.33,Jaquith Building FL1 UROLOGY 03,Jaquith,PRNT05,JQ1UROP03,\\PRNT05\JQ1UROP03,,
,10.74.41.21,Jaquith 1st UROLOGY 04,Jaquith,PRNT02,JQ1UROP04,\\PRNT02\JQ1UROP04,,
x,10.74.39.35,Jaquith FL2 OBGYN 29,Jaquith,PRNT03,JQ20BGP29,\\PRNT03\JQ20BGP29,,
B,10.74.36.249,Jaquith Building FL2 FAMILY MEDICINE 01,Jaquith,PRNT04,JQ2FMDP01,\\PRNT04\JQ2FMDP01,,
x,10.74.36.27,Jaquith Building FL2 MEDICINE 01,Jaquith,PRNT06,JQ2MEDP01,\\PRNT06\JQ2MEDP01,HP Lzj P4014,
x,10.74.39.251,Jaquith 2 OBGYN 24,Jaquith,PRNT03,JQ2OBG24,\\PRNT03\JQ2OBG24,,
x,10.74.39.249,Jaquith Building 2nd OB/GYN 25,Jaquith,PRNT02,JQ2OBGP25,\\PRNT02\JQ2OBGP25,,
x,10.74.39.246,Jaquith Building 2nd DEPARTMENT OF OB & GYN 26,Jaquith,PRNT02,JQ2OBGP26,\\PRNT02\JQ2OBGP26,,
B,10.74.39.13,Jaquith FL2 BO/GYN 27,Jaquith,PRNT01,JQ2OBGP27,\\PRNT01\JQ2OBGP27,HP Lzj P2055,
B,10.74.41.25,Jaquith Building FL2 OB/GYN 30,Jaquith,PRNT05,JQ2OBGP30,\\PRNT05\JQ2OBGP30,,
x,10.74.39.26,Jaquith Building 2nd OB & GYN 31,Jaquith,PRNT04,JQ2OBGP31,\\PRNT04\JQ2OBGP31,,
x,10.74.41.20,Jaquith FL4 OB_GYN 18,Jaquith,PRNT02,JQ2ONG18,\\PRNT02\JQ2ONG18,,
x,10.74.36.246,Jaquith 2 Pulmonary 01,Jaquith,PRNT02,JQ2PLM01,\\PRNT02\JQ2PLM01,,
x,10.74.39.254,Jaquith Building FL4 OB_GYN 02,Jaquith,PRNT06,JQ4OBG02,\\PRNT06\JQ4OBG02,,
x,10.74.39.253,Jaquith 4th floor OB/GYN 03,Jaquith,PRNT04,JQ4OBG03,\\PRNT04\JQ4OBG03,,
,10.74.33.21,Jaquith Building Fl1 HOSPITAL ADMINISTRATION 01,Jaquith,PRNT04,JQB1HADP01,\\PRNT04\JQB1HADP01,,
x,10.74.33.34,Jaquith Building Bsmt MAMMOGRAPHY 04,Jaquith,PRNT06,JQB1MAMP04,\\PRNT06\JQB1MAMP04,Tosh Top Access,
x,10.74.36.245,Jaquith Family Health 02,Jaquith,PRNT03,JQB2FAM02,\\PRNT03\JQB2FAM02,,
,10.74.30.88,Jaquith Building FL2 MS CLINIC 04,Jaquith,PRNT05,JQB2MSCP04,\\PRNT05\JQB2MSCP04,,
B,10.74.39.37,FL4 Jaquith OGBYN 01,Jaquith,PRNT03,JQB4OBGP01,\\PRNT03\JQB4OBGP01,,
W,10.74.39.38,FL4 Jaquith OGBYN 02,Jaquith,PRNT03,JQB4OBGP02,\\PRNT03\JQB4OBGP02,,
W,10.74.34.160,Jaquith Building Bas ORTHOPEDIC 01,Jaquith,PRNT05,JQBORTP01,\\PRNT05\JQBORTP01,,
B,10.74.30.16,Jaquith Basement PRE-REGISTRATION 01,Jaquith,PRNT03,JQBPREP01,\\PRNT03\JQBPREP01,,
W,10.74.30.17,Jaquith Basement PRE-REGISTRATION 02,Jaquith,PRNT03,JQBPREP02,\\PRNT03\JQBPREP02,,
x,10.74.30.18,Jaquith Basement PRE-REGISTRATION 03,Jaquith,PRNT03,JQBPREP03,\\PRNT03\JQBPREP03,,
x,10.74.30.19,Jaquith Basement PRE-REGISTRATION 04,Jaquith,PRNT03,JQBPREP04,\\PRNT03\JQBPREP04,,
B,10.74.30.20,Jaquith Basement PRE-REGISTRATION 05,Jaquith,PRNT03,JQBPREP05,\\PRNT03\JQBPREP05,,
W,10.74.30.21,Jaquith Basement PRE-REGISTRATION 06,Jaquith,PRNT03,JQBPREP06,\\PRNT03\JQBPREP06,,
x,10.74.30.22,Jaquith Basement PRE-REGISTRATION 07 Tray 3,Jaquith,PRNT03,JQBPREP07T3,\\PRNT03\JQBPREP07T3,,
x,10.74.30.23,Jaquith Basement PRE-REGISTRATION 08,Jaquith,PRNT03,JQBPREP08,\\PRNT03\JQBPREP08,,
,10.74.30.25,Jaquith Basement PRE-REGISTRATION 10,Jaquith,PRNT03,JQBPREP10,\\PRNT03\JQBPREP10,,
,10.74.30.26,Jaquith Basement PRE-REGISTRATION 11,Jaquith,PRNT03,JQBPREP11,\\PRNT03\JQBPREP11,,
B,10.74.30.27,Jaquith Basement PRE-REGISTRATION 12,Jaquith,PRNT03,JQBPREP12,\\PRNT03\JQBPREP12,,
W,10.74.30.241,Jaquith Basement PRE-REGISTRATION 14,Jaquith,PRNT03,JQBPREP14,\\PRNT03\JQBPREP14,,
B,10.74.30.242,Jaquith Basement PRE-REGISTRATION 15,Jaquith,PRNT03,JQBPREP15,\\PRNT03\JQBPREP15,,
W,10.74.30.243,Jaquith Basement PRE-REGISTRATION16,Jaquith,PRNT03,JQBPREP16,\\PRNT03\JQBPREP16,,
x,10.74.30.244,Jaquith Basement PRE-REGISTRATION 17,Jaquith,PRNT03,JQBPREP17,\\PRNT03\JQBPREP17,,
W,10.74.30.14,Jaquith Basement Pre-Registration 18,Jaquith,PRNT05,JQBPREP18,\\PRNT05\JQBPREP18,,
x,10.74.30.32,Jaquith Building B PRE-REGISTRATION 19,Jaquith,PRNT03,JQBPREP19,\\PRNT03\JQBPREP19,,
W,10.74.30.250,Jaquith Building B SURGERY 01,Jaquith,PRNT04,JQBSURP01,\\PRNT04\JQBSURP01,,
B,10.74.30.245,Jaquith Building B SURGERY 02,Jaquith,PRNT02,JQBSURP02,\\PRNT02\JQBSURP02,,
x,10.74.30.246,Jaquith Building B SURGERY 03,Jaquith,PRNT02,JQBSURP03,\\PRNT02\JQBSURP03,,
W,10.74.30.247,Jaquith Building B SURGERY 06,Jaquith,PRNT02,JQBSURP06,\\PRNT02\JQBSURP06,,
,10.74.30.249,Jaquith Building B SURGERY 07,Jaquith,PRNT03,JQBSURP07,\\PRNT03\JQBSURP07,,
W,10.74.36.20,Jaquith Building Gr FAMILY MEDICINE 04,Jaquith,PRNT02,JQGFMDP04,\\PRNT02\JQGFMDP04,,
W,10.74.36.21,Jaquith Building Gr FAMILY MEDICINE 05,Jaquith,PRNT02,JQGFMDP05,\\PRNT02\JQGFMDP05,,
x,10.74.36.248,Jaquith Building FL G MEDICINE 05,Jaquith,PRNT03,JQGMEDP05,\\PRNT03\JQGMEDP05,,
B,10.74.36.13,Jaquith Building FL G PALLIATIVE CARE 01,Jaquith,PRNT03,JQGPALP01,\\PRNT03\JQGPALP01,,
W,10.74.36.22,Jaquith Gr Pulmanary 01,Jaquith,PRNT03,JQGPLMP01,\\PRNT03\JQGPLMP01,,
X,10.74.9.25,Levine Gynecologic Oncology 01,Levine,PRNT02,LV1OBG02,\\PRNT02\LV1OBG02,,
X,10.74.9.253,Levine OBG 04,Levine,PRNT03,LV1OBG04,\\PRNT03\LV1OBG04,,
X,10.74.9.37,Levine Cancer Ctr FL1 OB/GYN 03,Levine,PRNT05,LV1OBGP03,\\PRNT05\LV1OBGP03,,
X,10.74.9.240,Levine Cancer Center FL1 OB/GYN 05,Levine,PRNT05,LV1OBGP05,\\PRNT05\LV1OBGP05,,
X,10.74.9.244,Levine Cancer Center FL1 OB/GYN 08,Levine,PRNT05,LV1OBGP08,\\PRNT05\LV1OBGP08,,
X,10.74.10.31,Levine Cancer Center FL1 ONOCOLOGY CLINIC 05,Levine,PRNT01,LV1ONCP05,\\PRNT01\LV1ONCP05,HP Lzj 4250,
X,10.74.11.23,Levine Cancer Center FL2 RadOnc-Dosimetry 01,Levine,PRNT02,LV1RDOP02,\\PRNT02\LV1RDOP02,,
X,10.74.10.29,Levine FL1 RadOnc 03,Levine,PRNT01,LV1RDOP03,\\PRNT01\LV1RDOP03,Tosh Top Access,
X,10.74.56.23,Levine Cancer Center FL2 LAB 05,Levine,PRNT05,LV2LABP05,\\PRNT05\LV2LABP05,,
X,10.74.56.32,Levine Cancer Center FL2 LAB 06,Levine,PRNT05,LV2LABP06,\\PRNT05\LV2LABP06,,
X,10.74.56.10,Levine Cancer Center FL2 OB/GYN 01,Levine,PRNT05,LV2OBGP01,\\PRNT05\LV2OBGP01,,
X,10.74.56.11,Levine Cancer Center FL2 OB/GYN 02,Levine,PRNT05,LV2OBGP02,\\PRNT05\LV2OBGP02,,
X,10.74.56.12,Levine Cancer Center FL2 OB/GYN 04,Levine,PRNT05,LV2OBGP04,\\PRNT05\LV2OBGP04,,
X,10.74.56.13,Levine Cancer Center FL2 OB/GYN 05,Levine,PRNT05,LV2OBGP05,\\PRNT05\LV2OBGP05,,
X,10.74.56.14,Levine Cancer Center FL2 OB/GYN 06,Levine,PRNT05,LV2OBGP06,\\PRNT05\LV2OBGP06,,
X,10.74.56.15,Levine Cancer Center FL2 OB/GYN 07,Levine,PRNT05,LV2OBGP07,\\PRNT05\LV2OBGP07,,
X,10.74.56.16,Levine Cancer Center FL2 OB/GYN 09,Levine,PRNT05,LV2OBGP09,\\PRNT05\LV2OBGP09,,
B,10.74.57.16,Levine FL2 OB/GYN 16,Levine,PRNT02,LV2OBGP16,\\PRNT02\LV2OBGP16,,
X,10.74.11.25,Levine Cancer Center Pharmacy 02,Levine,PRNT04,LV2PHA02,\\PRNT04\LV2PHA02,,
,10.74.56.24,levine Cancer Center FL2 PHARMACY 05,Levine,PRNT01,LV2PHAP05,\\PRNT01\LV2PHAP05,,Floor 2 old pharmacy no one has access to
X,10.74.9.248,Levine Radiology-Oncology 01,Levine,PRNT03,LV2RDO01,\\PRNT03\LV2RDO01,,
X,10.74.56.45,Levine Cancer Center FL3 Lab 01,Levine,PRNT03,LV3LABP01,\\PRNT03\LV3LABP01,,
,10.74.9.36,Levine Amb Care 01,Levine,PRNT02,LVGAMB01,\\PRNT02\LVGAMB01,,
X,10.74.10.21,Levine Cancer Center Ground UROLOGY 05,Levine,PRNT01,LVGUROP05,\\PRNT01\LVGUROP05,HP Lzj 4350,
X,10.74.10.22,Levine Cancer Center Ground UROLOGY 06,Levine,PRNT01,LVGUROP06,\\PRNT01\LVGUROP06,HP Lzj 4200,
X,10.74.11.15,Levine Cancer Center GR UROLOGY 10,Levine,PRNT05,LVGUROP10,\\PRNT05\LVGUROP10,,
W,10.74.11.24,Levine Grnd UROLOGY 13,Levine,PRNT02,LVGUROP13,\\PRNT02\LVGUROP13,,
double ip,10.74.48.244,Memorial 1FL Anesthesiology 01,Memorial,PRNT06,AA1ANSP01,\\PRNT06\AA1ANSP01,HP Lzj 4250,
B,10.74.6.243,Memorial FL1 Anatomical Pathology 01,Memorial,PRNT06,AA1ANTP01,\\PRNT06\AA1ANTP01,HP Lzj P3005,
x,10.74.8.38,Mem Blood Bank 01,Memorial,PRNT05,AA1BBK01,\\PRNT05\AA1BBK01,,
,10.74.94.70,Mem Clinical Quality Services 01,Memorial,PRNT05,AA1CQS01,\\PRNT05\AA1CQS01,,
B,10.74.94.254,Memorial CQS Office,Memorial,PRNT01,AA1CQS03,\\PRNT01\AA1CQS03,Tosh Top Access,
B,10.74.94.249,Mem Clinical Quality Services 04,Memorial,PRNT03,AA1CQS04,\\PRNT03\AA1CQS04,,
,10.74.73.18,Memorial 1st FL Case Management 20,Memorial,PRNT06,AA1CSMP20,\\PRNT06\AA1CSMP20,HP Lzj 4250,
x,10.74.16.35,Memorial Censitrak 01,Memorial,PRNT03,AA1CSR01,\\PRNT03\AA1CSR01,,
x,10.74.16.252,Memorial Censitrak 02,Memorial,PRNT03,AA1CSR02,\\PRNT03\AA1CSR02,,
,10.74.16.233,Memorial FL1 Sterile Processing 04,Memorial,PRNT06,AA1CSRP04,\\PRNT06\AA1CSRP04,HP Lzj 4250,
W,10.74.50.27,Mem Diabetes 01,Memorial,PRNT05,AA1DIA01,\\PRNT05\AA1DIA01,,
W,10.74.76.21,Mem EKG 01,Memorial,PRNT05,AA1EKG01,\\PRNT05\AA1EKG01,,
X,10.74.76.33,Mem EKG 03,Memorial,PRNT05,AA1EKG03,\\PRNT05\AA1EKG03,,
W,10.74.75.19,Mem EKG 04,Memorial,PRNT05,AA1EKG04,\\PRNT05\AA1EKG04,,
,10.74.17.95,Mem Emergency Rm 01,Memorial,PRNT01,AA1EMD01,\\PRNT01\AA1EMD01,Tosh Top Access,
,10.74.17.88,Mem Emergency Rm 02 T3,Memorial,PRNT05,AA1EMD02,\\PRNT05\AA1EMD02,,
x,10.74.17.91,Mem Emergency Rm 03,Memorial,PRNT05,AA1EMD03,\\PRNT05\AA1EMD03,,
,10.74.16.27,Mem Emergency Rm 04,Memorial,PRNT01,AA1EMD04,\\PRNT01\AA1EMD04,HP Lzj 4250,
,10.74.15.10,Memorial ER Dept,Memorial,PRNT02,AA1EMD07,\\PRNT02\AA1EMD07,,
,10.74.16.250,Memorial Emergency Med 09,Memorial,PRNT03,AA1EMD09,\\PRNT03\AA1EMD09,,
,10.74.17.251,Memorial Emergency Med 11,Memorial,PRNT03,AA1EMD11,\\PRNT03\AA1EMD11,,
,10.74.17.86,Mem Emergency Admin 11,Memorial,PRNT04,AA1EMD11,\\PRNT04\AA1EMD11,,
,10.74.17.89,Mem Emergency Rm 15,Memorial,PRNT01,AA1EMD15,\\PRNT01\AA1EMD15,HP Lzj 4250,
,10.74.15.240,Memorial FL1 EMERGENCY DEPARTMENT 20,Memorial,PRNT03,AA1EMDP20,\\PRNT03\AA1EMDP20,,
,10.74.15.19,Memorial 1st Floor Emergency 21,Memorial,PRNT06,AA1EMDP21,\\PRNT06\AA1EMDP21,HP Lzj 4250,
,10.74.15.20,Memorial 1st Floor Emergency 22,Memorial,PRNT06,AA1EMDP22,\\PRNT06\AA1EMDP22,HP Lzj 4250,
,10.74.15.25,Memorial 1st EMERGENCY DEPARTMENT Tray 2,Memorial,PRNT04,AA1EMDP23T2,\\PRNT04\AA1EMDP23T2,,
,10.74.16.25,Memorial FL1 EMERGENCY DEPT 24,Memorial,PRNT05,AA1EMDP24,\\PRNT05\AA1EMDP24,,
W,10.74.91.20,Mem Enterostomal Therapy,Memorial,PRNT05,AA1ETT01,\\PRNT05\AA1ETT01,,
x,10.74.94.50,Memorial FL1 FOOD SERVICES 01,Memorial,PRNT03,AA1FDSP01,\\PRNT03\AA1FDSP01,,
,10.74.70.26,Memorial Primary Care 02,Memorial,PRNT05,AA1GRCP01,\\PRNT05\AA1GRCP01,,
x,10.74.73.21,Memorial FL1 Hospital Admi…,Memorial,PRNT02,AA1HAD01,\\PRNT02\AA1HAD01,,
W,10.74.75.15,Mem Administration 03,Memorial,PRNT05,AA1HAD03,\\PRNT05\AA1HAD03,,
B,10.74.75.24,Mem Administration 04,Memorial,PRNT05,AA1HAD04,\\PRNT05\AA1HAD04,,
W,10.74.76.254,Mem Administration 05,Memorial,PRNT05,AA1HAD05,\\PRNT05\AA1HAD05,,
B,10.74.76.242,Mem South 1 Administration 06,Memorial,PRNT03,AA1HAD06,\\PRNT03\AA1HAD06,,
B,10.74.6.253,Memorial HLA Lab 05,Memorial,PRNT04,AA1HLA05,\\PRNT04\AA1HLA05,,
?,10.74.94.246,Memorial Human Resources FL1 01,Memorial,PRNT06,AA1HRD01,\\PRNT06\AA1HRD01,Canon,
x,10.74.94.37,Mem Human Resources 01,Memorial,PRNT05,AA1HRD01,\\PRNT05\AA1HRD01,,
x,10.74.94.246,Memorial FL1 HUMAN RESOURCES 02,Memorial,PRNT04,AA1HRDP02,\\PRNT04\AA1HRDP02,,
,10.74.50.17,Memorial FL1 INFECTIOUS DISEASE 02,Memorial,PRNT06,AA1INDP02,\\PRNT06\AA1INDP02,???,
B,10.74.64.13,Mem Interpreter Services 01 1st Floor,Memorial,PRNT05,AA1INS01,\\PRNT05\AA1INS01,,
x,10.74.76.24,Memorial 1st Fl Joint Commission 01,Memorial,PRNT03,AA1JCC01,\\PRNT03\AA1JCC01,,
B,10.74.6.20,Memorial_HLA_Lab_O1,Memorial,PRNT04,AA1LAB01,\\PRNT04\AA1LAB01,,
,10.74.8.36,Mem Chem Lab 02,Memorial,PRNT05,AA1LAB02,\\PRNT05\AA1LAB02,,
B,10.74.8.35,Mem Hema Lab 04,Memorial,PRNT05,AA1LAB04,\\PRNT05\AA1LAB04,,
B,10.74.6.250,Mem 1st Flr. Lab 06,Memorial,PRNT06,AA1LAB06,\\PRNT06\AA1LAB06,HP Lzj 4250,
B,10.74.8.34,Mem Hema Lab 06,Memorial,PRNT05,AA1LAB06,\\PRNT05\AA1LAB06,,
x,10.74.94.244,Mem 1st Flr. Lab 07,Memorial,PRNT06,AA1LAB07,\\PRNT06\AA1LAB07,HP Lzj 4250,
x,10.74.8.32,Mem Pathology 12,Memorial,PRNT04,AA1LAB12,\\PRNT04\AA1LAB12,,
B,10.74.8.41,Mem Chem Lab 20,Memorial,PRNT02,AA1LAB20,\\PRNT02\AA1LAB20,,
B,10.74.6.254,Mem HLAB,Memorial,PRNT04,AA1LAB34,\\PRNT04\AA1LAB34,,
x,10.74.8.37,Memorial Library 01,Memorial,PRNT05,AA1LIB01,\\PRNT05\AA1LIB01,,
W,10.74.48.35,Mem Neurodiagnostics 01,Memorial,PRNT05,AA1NED01,\\PRNT05\AA1NED01,,
W,10.74.94.250,Mem Nursing Resources 01,Memorial,PRNT04,AA1NUR01,\\PRNT04\AA1NUR01,,
B,10.74.94.38,Mem West 1 NS,Memorial,PRNT01,AA1NUR01,\\PRNT01\AA1NUR01,HP Lzj 4250,
W,10.74.95.12,Memorial 1st NURSING SERVICES 04,Memorial,PRNT04,AA1NURP04,\\PRNT04\AA1NURP04,,
W,10.74.103.254,Mem Jaquith OB/GYN 04,Memorial,PRNT05,AA1OBG04,\\PRNT05\AA1OBG04,,
B,10.74.105.240,MEM OB/GYN 05,Memorial,PRNT05,AA1OBG05,\\PRNT05\AA1OBG05,,
X,10.74.75.23,Memorial Spine Center 01,Memorial,PRNT04,AA1ORT01,\\PRNT04\AA1ORT01,,
x,10.74.76.9,Mem Orthopedics 01,Memorial,PRNT05,AA1ORT01,\\PRNT05\AA1ORT01,,
B,10.74.73.101,Mem Orthopedics 04,Memorial,PRNT05,AA1ORT04,\\PRNT05\AA1ORT04,,
x,10.74.75.36,Mem Orthopedics 05,Memorial,PRNT05,AA1ORT05,\\PRNT05\AA1ORT05,,
X,10.74.75.21,Mem Orthopedics 09,Memorial,PRNT05,AA1ORT09,\\PRNT05\AA1ORT09,,
B,10.74.76.34,Mem Orthopedics 10,Memorial,PRNT05,AA1ORT10,\\PRNT05\AA1ORT10,,
W,10.74.75.41,Mem Orthopedics 11,Memorial,PRNT05,AA1ORT11,\\PRNT05\AA1ORT11,,
W,10.74.75.29,Mem Orthopedics 12,Memorial,PRNT05,AA1ORT12,\\PRNT05\AA1ORT12,,
x,10.74.75.20,Mem Orthopedics 13,Memorial,PRNT05,AA1ORT13,\\PRNT05\AA1ORT13,,
,10.74.75.20,Mem Orthopedics 13,Memorial,PRNT06,AA1ORT13,\\PRNT06\AA1ORT13,HP Lzj 4250,
x,10.74.76.247,Mem Orthopedics 14,Memorial,PRNT05,AA1ORT14,\\PRNT05\AA1ORT14,,
W,10.74.75.14,Mem Orthopedics 15,Memorial,PRNT05,AA1ORT15,\\PRNT05\AA1ORT15,,
,10.74.76.11,Mem Orthopedics 17,Memorial,PRNT05,AA1ORT17,\\PRNT05\AA1ORT17,,
x,10.74.76.32,Mem Fl1 Orthopedic 22,Memorial,PRNT03,AA1ORT22,\\PRNT03\AA1ORT22,,
x,10.74.48.253,Memorial Orthopedics 30,Memorial,PRNT03,AA1ORT30,\\PRNT03\AA1ORT30,,
W,10.74.48.252,Memorial Orthopedics 31,Memorial,PRNT03,AA1ORT31,\\PRNT03\AA1ORT31,,
x,10.74.94.240,Memorial FL1 ORTHOPEDIC 22,Memorial,PRNT04,AA1ORTP22,\\PRNT04\AA1ORTP22,,
W,10.74.76.31,Memorial 1st ORTHOPEDIC 27 EMBOSSER,Memorial,PRNT03,AA1ORTP27,\\PRNT03\AA1ORTP27,,
W,10.74.75.38,Memorial 1st ORTHOPEDIC 32,Memorial,PRNT04,AA1ORTP32,\\PRNT04\AA1ORTP32,,
,10.74.16.28,Mem Pastoral Care 01,Memorial,PRNT05,AA1PAC01,\\PRNT05\AA1PAC01,,
X,10.74.75.40,Memorial FL1 PHARMACY 01,Memorial,PRNT06,AA1PHAP01,\\PRNT06\AA1PHAP01,HP Lzj 4350,
W,10.74.48.250,Memorial 1 Outpatient 04,Memorial,PRNT03,AA1PRO04,\\PRNT03\AA1PRO04,,
B,10.74.48.33,Memorial 1st PRIVATE OUTPATIENT 05,Memorial,PRNT01,AA1PROP05,\\PRNT01\AA1PROP05,HP Lzj 4250,
,10.74.15.224,Mem 1 Rad Diag,Memorial,PRNT01,AA1RDD01,\\PRNT01\AA1RDD01,HP Lzj P4014,
x,10.74.43.252,Memorial 1st SURGERY 05,Memorial,PRNT04,AA1SURP05,\\PRNT04\AA1SURP05,,
B,10.74.131.252,Mem Swift House 02,Memorial,PRNT05,AA1SW01,\\PRNT05\AA1SW01,,
B,10.74.131.251,Mem Swift House 03,Memorial,PRNT05,AA1SW03,\\PRNT05\AA1SW03,,
,10.74.70.242,Mem Total Joint Center 01,Memorial,PRNT01,AA1TJC01,\\PRNT01\AA1TJC01,HP Col Lzj 4650,
,10.74.6.241,Memorial FL1 TRAINING ROOMS 01,Memorial,PRNT05,AA1TRAP01,\\PRNT05\AA1TRAP01,,
X,10.74.75.28,Memorial Vascular Lab,Memorial,PRNT05,AA1VASP02,\\PRNT05\AA1VASP02,,
B,10.74.19.18,Mem A.M. Admissions 01,Memorial,PRNT05,AA2ADM01,\\PRNT05\AA2ADM01,,
,10.74.97.16,Memorial 2nd ANESTHESIOLOGY 01,Memorial,PRNT02,AA2ANSP01,\\PRNT02\AA2ANSP01,,
x,10.74.8.33,Mem 2nd FL Blood Bank 01,Memorial,PRNT02,AA2BBK01,\\PRNT02\AA2BBK01,,
x,10.74.76.38,Mem CCU 01,Memorial,PRNT05,AA2CCU01,\\PRNT05\AA2CCU01,,
B,10.74.76.39,Mem CCU 03,Memorial,PRNT05,AA2CCU03,\\PRNT05\AA2CCU03,,
B,10.74.19.23,Mem CCU 04,Memorial,PRNT01,AA2CCU04,\\PRNT01\AA2CCU04,HP Lzj 4250,
W,10.74.73.20,Mem CCU 05,Memorial,PRNT02,AA2CCU05,\\PRNT02\AA2CCU05,,
x,10.74.76.36,Mem CCU 06,Memorial,PRNT02,AA2CCU06,\\PRNT02\AA2CCU06,,
W,10.74.75.42,Memorial 2nd CRITICAL CARE UNIT 01,Memorial,PRNT04,AA2CCUP01,\\PRNT04\AA2CCUP01,,
B,10.74.97.18,Mem Case Management 02, …,Memorial,PRNT02,AA2CSM02,\\PRNT02\AA2CSM02,,
B,10.74.97.242,Mem Case Management 01,Memorial,PRNT05,AA2CSMP01,\\PRNT05\AA2CSMP01,,
x,10.74.99.216,Memorial 2nd Case MANAGE…,Memorial,PRNT02,AA2CSMP03,\\PRNT02\AA2CSMP03,,
B,10.74.97.253,Mem Employee Health 01,Memorial,PRNT03,AA2EMH01,\\PRNT03\AA2EMH01,,
x,10.74.19.12,Mem SICU 02,Memorial,PRNT04,AA2ICU02,\\PRNT04\AA2ICU02,,
B,10.74.99.231,Memorial FL2 INFECTIOUS DISEASE 02,Memorial,PRNT06,AA2INDP02,\\PRNT06\AA2INDP02,HP Lzj P4014,
B,10.74.99.232,Memorial FL2 INFECTIOUS DISEASE 03,Memorial,PRNT06,AA2INDP03,\\PRNT06\AA2INDP03,HP Lzj P4014,
B,10.74.48.241,Memorial FL2 Medicine 05,Memorial,PRNT05,AA2MEDP05,\\PRNT05\AA2MEDP05,,
W,10.74.99.226,Mem Nursing Developement,Memorial,PRNT04,AA2NUR02,\\PRNT04\AA2NUR02,,
x,10.74.97.251,Mem 2 Nursing Pro Dev 03,Memorial,PRNT03,AA2NUR03,\\PRNT03\AA2NUR03,,
W,10.74.97.252,Mem 2 Nursing Pro Dev 04,Memorial,PRNT03,AA2NUR04,\\PRNT03\AA2NUR04,,
W,10.74.76.29,Memorial FL2 NURSING SERVICES 05,Memorial,PRNT06,AA2NURP05,\\PRNT06\AA2NURP05,HP Lzj P4014,
,10.74.18.10,Memorial 2nd OPERATING ROOM 01,Memorial,PRNT01,AA2OPRP01,\\PRNT01\AA2OPRP01,HP Lzj 4250,
B,10.74.99.224,Mem Orthapedic Library 01 2nd Floor,Memorial,PRNT05,AA2ORT01,\\PRNT05\AA2ORT01,,
B,10.74.19.14,Memorial FL2 Ground Registration 01,Memorial,PRNT03,AA2REG01,\\PRNT03\AA2REG01,,
x,10.74.48.14,Mem Respiratory 02,Memorial,PRNT01,AA2REP02,\\PRNT01\AA2REP02,Tosh Top Access,
W,10.74.48.15,Mem Respiratory 03,Memorial,PRNT05,AA2REP03,\\PRNT05\AA2REP03,,
x,10.74.19.21,Memorial 2 East Admissions,Memorial,PRNT05,AA2SGA04,\\PRNT05\AA2SGA04,,
W,10.74.18.11,Memorial FL2 Surgical ICU 03,Memorial,PRNT01,AA2SICP03,\\PRNT01\AA2SICP03,HP Lzj 4250,
x,10.74.21.65,Mem Surgery 11,Memorial,PRNT02,AA2SUR11,\\PRNT02\AA2SUR11,,
,10.74.99.218,Memorial Floor 2 SURGERY 04,Memorial,PRNT01,AA2SURP04,\\PRNT01\AA2SURP04,HP Lzj P3005,
W,10.74.19.36,Memorial FL2 Surgery 07,Memorial,PRNT02,AA2SURP07,\\PRNT02\AA2SURP07,,
B,10.74.99.244,Memorial FL3 ANESTHESIOLOGY 02,Memorial,PRNT06,AA3ANSP02,\\PRNT06\AA3ANSP02,HP Lzj M3035,
x,10.74.99.217,Memorial FL3 ANESTHESIOLOGY 04,Memorial,PRNT02,AA3ANSP04,\\PRNT02\AA3ANSP04,,
B,10.74.99.222,Memorial FL3 CASE MANAGEMENT 01,Memorial,PRNT01,AA3CSMP01,\\PRNT01\AA3CSMP01,???  HP??,
B,10.74.81.250,Mem 3rd F Nursing 02,Memorial,PRNT05,AA3NUR02,\\PRNT05\AA3NUR02,,
B,10.74.81.249,Mem Nursing 04,Memorial,PRNT05,AA3NUR04,\\PRNT05\AA3NUR04,,
B,10.74.79.254,Memorial FL3 NURSING SERVICES 05,Memorial,PRNT06,AA3NURP05,\\PRNT06\AA3NURP05,HP Lzj P4014,
,10.74.28.21,Memorial 3rd OPERATING ROOM 03,Memorial,PRNT04,AA3OPRP03,\\PRNT04\AA3OPRP03,,
B,10.74.99.241,Mem LF3 Orthopedics 02,Memorial,PRNT06,AA3ORTP02,\\PRNT06\AA3ORTP02,HP Lzj 4250,
x,10.74.81.251,Mem Physical Therapy 01,Memorial,PRNT05,AA3PT01,\\PRNT05\AA3PT01,,
B,10.74.79.22,Mem Inpatient Rehab 01,Memorial,PRNT05,AA3REH01,\\PRNT05\AA3REH01,,
x,10.74.21.67,Memorial Surgery Control Room 01,Memorial,PRNT04,aa3sur01,\\PRNT04\aa3sur01,,
,10.74.97.65,Mem Surgery 04,Memorial,PRNT02,AA3SUR03,\\PRNT02\AA3SUR03,,
,10.74.97.28,Mem Surgical Resident 04,Memorial,PRNT02,AA3SUR04,\\PRNT02\AA3SUR04,,
B,10.74.99.240,Mem Surgery 05,Memorial,PRNT05,AA3SUR05,\\PRNT05\AA3SUR05,,
,10.74.27.39,Memorial  Surgery 06,Memorial,PRNT04,AA3SUR06,\\PRNT04\AA3SUR06,,
,10.74.21.66,Mem Surgery 07,Memorial,PRNT05,AA3SUR07,\\PRNT05\AA3SUR07,,
B,10.74.27.19,Mem Surgery 09,Memorial,PRNT02,AA3SUR09,\\PRNT02\AA3SUR09,,
x,10.74.99.227,Mem Surgery 10,Memorial,PRNT02,AA3SUR10,\\PRNT02\AA3SUR10,,
,10.74.97.254,Mem 3rd Flr Surgery 11,Memorial,PRNT03,AA3SUR11,\\PRNT03\AA3SUR11,,
x,10.74.97.17,Memorial FL3 Surgery 13,Memorial,PRNT05,AA3SURP13,\\PRNT05\AA3SURP13,,
,10.74.28.21,Mem FL3 Surgery 14,Memorial,PRNT05,AA3SURP14,\\PRNT05\AA3SURP14,,
,10.74.99.220,Memorial 3rd SURGERY 18,Memorial,PRNT06,AA3SURP18,\\PRNT06\AA3SURP18,HP Lzj 4250,
x,10.74.99.242,Memorial FL3 UROLOGY 01,Memorial,PRNT01,AA3UROP01,\\PRNT01\AA3UROP01,HP Lzj 4250,
,10.74.103.163,Mem-West 4th F Womens Ctr 15,Memorial,PRNT03,AA40BGP15,\\PRNT03\AA40BGP15,,
x,10.74.105.249,MEM 4 East Womans & Neonatal,Memorial,PRNT04,AA4CWC02,\\PRNT04\AA4CWC02,,
,10.74. 103.241,Mem Women and Children 05,Memorial,PRNT03,AA4CWC05,\\PRNT03\AA4CWC05,,
,10.74.81.252,Mem Maternity 01,Memorial,PRNT05,AA4FCM01,\\PRNT05\AA4FCM01,,
W,10.74.105.248,Mem So.4 Birth Cert Office,Memorial,PRNT01,AA4HIM01,\\PRNT01\AA4HIM01,HP Lzj P3005,
x,10.74.105.247,Memorial 4FL Medical Records 02,Memorial,PRNT06,AA4HIMP02,\\PRNT06\AA4HIMP02,HP Lzj 4250,
x,10.74.103.35,Memorial Labs 4th floor 02,Memorial,PRNT02,AA4LAB02,\\PRNT02\AA4LAB02,,
B,10.74.105.236,Memorial 4th LAB 03,Memorial,PRNT04,AA4LABP03,\\PRNT04\AA4LABP03,,
,10.74.21.37,Memorial FL 4 LABOR and DELIVERY 02,Memorial,PRNT06,AA4LBR02,\\PRNT06\AA4LBR02,???,
,10.74.21.48,Memorial 4th floor LABOR a…,Memorial,PRNT02,AA4LBRP03,\\PRNT02\AA4LBRP03,,
x,10.74.103.246,Mem Neonatology 01,Memorial,PRNT02,AA4NEO01,\\PRNT02\AA4NEO01,,
B,10.74.105.237,Memorial FL4 NEONATAL CARE 04,Memorial,PRNT02,AA4NEOP04,\\PRNT02\AA4NEOP04,,
B,10.74.103.245,Mem NICU 04,Memorial,PRNT05,AA4NIC04,\\PRNT05\AA4NIC04,,
W,10.74.24.89,Mem Nursery 01,Memorial,PRNT02,AA4NRS01,\\PRNT02\AA4NRS01,,
B,10.74.79.252,Mem Nursery 02,Memorial,PRNT05,AA4NRS02,\\PRNT05\AA4NRS02,,
,10.74.21.72,MEM 4 East 4-4144 DR Geoff HART,Memorial,PRNT04,AA4NRS04,\\PRNT04\AA4NRS04,,
,10.74.103.243,Memorial Nursing 03,Memorial,PRNT03,AA4NUR03 ,\\PRNT03\AA4NUR03,,
x,10.74.27.28,Mem Nursing Station 4th Flo…,Memorial,PRNT02,AA4NUR05,\\PRNT02\AA4NUR05,,
x,10.74.28.30,Mem FL4 Nursing 03,Memorial,PRNT03,AA4NURP03,\\PRNT03\AA4NURP03,,
,10.74.79.241,Memorial Maternity 06,Memorial,PRNT04,AA4NURP06,\\PRNT04\AA4NURP06,,
,10.74.81.247,Memorial FL4 NURSING SERVICES 07,Memorial,PRNT02,AA4NURP07,\\PRNT02\AA4NURP07,,
W,10.74.103.29,Mem 4 West Womens,Memorial,PRNT01,AA4OBG01,\\PRNT01\AA4OBG01,HP Lzj 4250,
W,10.74.21.68,Mem OB/GYN 05,Memorial,PRNT05,AA4OBG05,\\PRNT05\AA4OBG05,,
B,10.74.105.235,Mem OB/GYN 07,Memorial,PRNT02,AA4OBG07,\\PRNT02\AA4OBG07,,
B,10.74.105.238,Mem OB/GYN 11,Memorial,PRNT05,AA4OBG11,\\PRNT05\AA4OBG11,,
Double ip ,10.74.103.243,Memorial West 4 OBGYN on call,Memorial,PRNT04,AA4OBGP25,\\PRNT04\AA4OBGP25,,
x,10.74.105.232,Memorial FL4 ORTHOPEDIC 01,Memorial,PRNT04,AA4ORTP01,\\PRNT04\AA4ORTP01,,
B,10.74.28.36,Memorial Patient Access Services 01,Memorial,PRNT03,AA4PAS01,\\PRNT03\AA4PAS01,,
B,10.74.27.14,Mem Patient Access Services 03,Memorial,PRNT05,AA4PAS03,\\PRNT05\AA4PAS03,,
B,10.74.103.247,Mem UltraSound 02,Memorial,PRNT03,AA4ULT02,\\PRNT03\AA4ULT02,,
x,10.74.103.244,Memorial FL4 ULTRASOUND 01,Memorial,PRNT04,AA4ULTP01,\\PRNT04\AA4ULTP01,,
B,10.74.28.43,Memorial 5th CASE MANAGEMENT 01,Memorial,PRNT04,AA5CSMP01,\\PRNT04\AA5CSMP01,,
x,10.74.88.243,Mem Dialysis 02,Memorial,PRNT05,AA5DIS02,\\PRNT05\AA5DIS02,,
B,10.74.28.32,Mem NICU 01,Memorial,PRNT05,AA5NIC01,\\PRNT05\AA5NIC01,,
x,10.74.21.63,Mem NICU 02,Memorial,PRNT05,AA5NIC02,\\PRNT05\AA5NIC02,,
x,10.74.24.112,Mem NICU 03,Memorial,PRNT02,AA5NIC03,\\PRNT02\AA5NIC03,,
x,10.74.27.29,Mem NICU 05,Memorial,PRNT02,AA5NIC05,\\PRNT02\AA5NIC05,,
B,10.74.21.71,Mem NICU 06,Memorial,PRNT02,AA5NIC06,\\PRNT02\AA5NIC06,,
W,10.74.21.36,Memorial 5th Fl NICU 08,Memorial,PRNT05,AA5NIC08,\\PRNT05\AA5NIC08,,
W,10.74.21.59,Memorial FL5 NICU 04,Memorial,PRNT01,AA5NICP04,\\PRNT01\AA5NICP04,HP Lzj 4350,
B,10.74.21.73,Memorial 5th NICU 09,Memorial,PRNT01,AA5NICP09,\\PRNT01\AA5NICP09,Canon,
W,10.74.88.38,Mem FL5 Nursing 03,Memorial,PRNT05,AA5NURP03,\\PRNT05\AA5NURP03,,
x,10.74.90.249,Memorial South 5 Nurse Manager Office 04,Memorial,PRNT01,AA5NURP04,\\PRNT01\AA5NURP04,HP Lzj P3005,
B,10.74.90.241,Memorial 5th NURSING SERVICES 07,Memorial,PRNT02,AA5NURP07,\\PRNT02\AA5NURP07,,
,10.74.90.244,Mem Family Medicine 01,Memorial,PRNT05,AA6FMD01,\\PRNT05\AA6FMD01,,
B,10.74.88.253,Memorial Family Medicine 03,Memorial,PRNT03,AA6FMD03,\\PRNT03\AA6FMD03,,
W,10.74.88.39,Memorial FL6 Family Medicine 04,Memorial,PRNT06,AA6FMDP04,\\PRNT06\AA6FMDP04,HP Lzj 4250,
,10.74.88.249,Mem Psychiatric OutPatient Services 01,Memorial,PRNT05,AA6PSY01,\\PRNT05\AA6PSY01,,
x,10.74.64.14,Memorial Level B CAPITAL PLANNING 01,Memorial,PRNT04,AABCAPP01,\\PRNT04\AABCAPP01,,
,10.74.50.24,Mem Centrans 01,Memorial,PRNT02,AABCEN01,\\PRNT02\AABCEN01,,
W,10.74.50.24,Mem Centrans 01,Memorial,PRNT01,AABCEN01,\\PRNT01\AABCEN01,HP Col Lzj 2600n,
,10.74.91.61,Memorial Clinical Engineering 02,Memorial,PRNT04,AABCLE02,\\PRNT04\AABCLE02,,
,10.74.93.251,Mem Clinical Engineering 05,Memorial,PRNT03,AABCLE05,\\PRNT03\AABCLE05,,
x,10.74.67.252,Memorial Engineering 01,Memorial,PRNT03,AABENG01,\\PRNT03\AABENG01,,
,10.74.91.250,Mem Engineering 07,Memorial,PRNT05,AABENG07,\\PRNT05\AABENG07,,
x,10.74.69.15,Mem Basement Engineering …,Memorial,PRNT02,AABENG08,\\PRNT02\AABENG08,,
,10.74.48.243,Memorial Basement Engineering 02,Memorial,PRNT06,AABENGP02,\\PRNT06\AABENGP02,HP Lzj P4014,
W,10.74.91.35,Memorial B ENGINEERING 03,Memorial,PRNT04,AABENGP03,\\PRNT04\AABENGP03,,
x,10.74.64.240,Memorial Home Health and Hospice,Memorial,PRNT04,AABHHH01,\\PRNT04\AABHHH01,,
W,10.74.91.247,Mem Bsmt Med Rec 01,Memorial,PRNT03,AABHIM01,\\PRNT03\AABHIM01,,
W,10.74.91.248,Mem Bsmt Med Rec 02,Memorial,PRNT03,AABHIM02,\\PRNT03\AABHIM02,,
W,10.74.91.39,Memorial Basement MEDICAL RECORDS 03,Memorial,PRNT02,AABHIMP03,\\PRNT02\AABHIMP03,,
,10.74.48.18,Memorial Housekeeping Basement #2,Memorial,PRNT02,AABHSK02,\\PRNT02\AABHSK02,,
B,10.74.64.241,Memorial_Infection_Control_01,Memorial,PRNT04,AABIFC01,\\PRNT04\AABIFC01,,
B,10.74.64.254,Mem Infection Control 02,Memorial,PRNT05,AABIFC02,\\PRNT05\AABIFC02,,
,10.74.92.23,Memorial B NURSING SERVICES 02,Memorial,PRNT01,AABNURP02,\\PRNT01\AABNURP02,might not exist??,
B,10.74.69.16,Mem Pharmacy 02,Memorial,PRNT05,AABPHA02,\\PRNT05\AABPHA02,,
x,10.74.67.28,Mem Pharmacy 03,Memorial,PRNT05,AABPHA03,\\PRNT05\AABPHA03,,
,10.74.67.244,Mem Pharmacy 04,Memorial,PRNT05,AABPHA04,\\PRNT05\AABPHA04,,
x,10.74.67.254,Memorial FL B PHARMACY 06,Memorial,PRNT01,AABPHA06,\\PRNT01\AABPHA06,Canon,
,10.74.67.254,Mem B Pharmacy 06 Tray 3,Memorial,PRNT03,AABPHA06T3,\\PRNT03\AABPHA06T3,,
W,10.74.67.253,Mem Pharmacy 09,Memorial,PRNT03,AABPHA09,\\PRNT03\AABPHA09,,
,10.74.67.37,Memorial-South B Pharmacy 03,Memorial,PRNT01,AABPHAP03Z,\\PRNT01\AABPHAP03Z,Zebra?,
,10.74.67.11,Memorial Basement PHARMACY 10,Memorial,PRNT01,AABPHAP10,\\PRNT01\AABPHAP10,Zebra?,
W,10.74.48.244,Mem Private Out Patient 01,Memorial,PRNT05,AABPRO01,\\PRNT05\AABPRO01,,
B,10.74.91.252,Memorial Rheumatology 02,Memorial,PRNT03,AABRHE02,\\PRNT03\AABRHE02,,
B,10.74.64.247,Memorial Basement Security 01,Memorial,PRNT03,AABSEC01,\\PRNT03\AABSEC01,,
,10.74.69.18,Mem Security 01,Memorial,PRNT05,AABSEC01,\\PRNT05\AABSEC01,,
W,10.74.64.246,Memorial Basement Badging Office 02,Memorial,PRNT06,AABSEC02,\\PRNT06\AABSEC02,HP Col Lzj CM2320,
B,10.74.91.22,Memorial Medical Surgical Unit 01,Memorial,PRNT03,AABSUR01,\\PRNT03\AABSUR01,,
W,10.74.67.250,Mem Volunteer Office 01,Memorial,PRNT05,AABVOL01,\\PRNT05\AABVOL01,,
,10.74.17.41,Memorial-East 1st Emergency Label 01,Memorial,PRNT06,AAE1EMD01,\\PRNT06\AAE1EMD01,server!?,
B,10.74.5.27,Mem Ground Angiography 01,Memorial,PRNT03,AAGANGP01,\\PRNT03\AAGANGP01,,
B,10.74.5.29,Memorial G ANGIOGRAPHY 02,Memorial,PRNT01,AAGANGP02,\\PRNT01\AAGANGP02,Tosh e-studio,
x,10.74.48.247,Memorial Ground Centrans 02,Memorial,PRNT06,AAGCEN02,\\PRNT06\AAGCEN02,Canon,
,10.74.48.247,Memorial Ground Floor CENTRANS 02,Memorial,PRNT04,AAGCENP02,\\PRNT04\AAGCENP02,,
x,10.74.17.92,Mem Sterile Processing 01,Memorial,PRNT05,AAGCSR01,\\PRNT05\AAGCSR01,,
W,10.74.15.252,Memorial Ground FL STERILE PROCESSING 01,Memorial,PRNT06,AAGCSRP01,\\PRNT06\AAGCSRP01,HP Lzj P4014,
B,10.74.5.39,Mem CAT Scan 02,Memorial,PRNT05,AAGCTS02,\\PRNT05\AAGCTS02,,
W,10.74.72.20,Memorial FLG SWG-112 Clinical Admin Suite PO1,Memorial,PRNT01,AAGDIAP01,\\PRNT01\AAGDIAP01,HP Lzj M3035,
W,10.74.70.245,Memorial Gnd DIABETES  CLINIC 02,Memorial,PRNT02,AAGDIAP02,\\PRNT02\AAGDIAP02,,
x,10.74.48.31,Memorial Ground Endoscopy 02,Memorial,PRNT06,AAGENDP02,\\PRNT06\AAGENDP02,Tosh Top Access,
W,10.74.50.28,Mem Endoscopy 01,Memorial,PRNT05,AAGENU01,\\PRNT05\AAGENU01,,
x,10.74.48.132,Mem Endoscopy 02,Memorial,PRNT05,AAGENU02,\\PRNT05\AAGENU02,,
,10.74.48.35,Memorial Gnd ENDOSCOPY UNIT 02,Memorial,PRNT03,AAGENUP02,\\PRNT03\AAGENUP02,,
x,10.74.91.17,Memorial FLG FOOD SERVICES 01,Memorial,PRNT05,AAGFDSP01,\\PRNT05\AAGFDSP01,,
x,10.74.70.251,Mem Geriatrics 01,Memorial,PRNT05,AAGGRC01,\\PRNT05\AAGGRC01,,
x,10.74.70.23,Memorial South Ground Clinical Office Suite,Memorial,PRNT04,AAGGRC03,\\PRNT04\AAGGRC03,,
,10.74.70.25,Mem Geriatrics 03,Memorial,PRNT05,AAGGRC03,\\PRNT05\AAGGRC03,,
x,10.74.70.252,Memorial GR GERIATRIC CLINIC 05,Memorial,PRNT03,AAGGRCP05,\\PRNT03\AAGGRCP05,,
W,10.74.72.21,Memorial Gnd GERIATRIC,Memorial,PRNT02,AAGGRCP06,\\PRNT02\AAGGRCP06,,
,10.74.72.22,Memorial Gr GERIATRIC CLINIC 07,Memorial,PRNT02,AAGGRCP07,\\PRNT02\AAGGRCP07,,
x,10.74.48.248,Mem Ground Mat Mgmt 01,Memorial,PRNT03,AAGMAT01,\\PRNT03\AAGMAT01,,
x,10.74.91.17,Memorial Gnd NUTRITION 02,Memorial,PRNT04,AAGNUTP02,\\PRNT04\AAGNUTP02,,
,10.74.16.233,Memorial Radiology 10,Memorial,PRNT03,AAGORT10,\\PRNT03\AAGORT10,,
B,10.74.16.232,Mem Spine Injection 15,Memorial,PRNT03,AAGORT15,\\PRNT03\AAGORT15,,
,10.74.15.28,Memorial Ground Fl ORTHOPEDIC 02,Memorial,PRNT01,AAGORTP02,\\PRNT01\AAGORTP02,HP Lzj 2420,
W,10.74.17.85,Mem Patient Access Services…,Memorial,PRNT02,AAGPAS02,\\PRNT02\AAGPAS02,,
W,10.74.17.100,Mem Patient Access Services Ground 03,Memorial,PRNT05,AAGPAS03,\\PRNT05\AAGPAS03,,
,10.74.15.238,Mem Patient Access Services 07,Memorial,PRNT05,AAGPAS07,\\PRNT05\AAGPAS07,,
x,10.74.17.93,Mem Patient Access Services 08,Memorial,PRNT05,AAGPAS08,\\PRNT05\AAGPAS08,,
,10.74.17.52,Memorial Ground FL PHARMACY 01,Memorial,PRNT06,AAGPHAP01,\\PRNT06\AAGPHAP01,???,
x,10.74.17.53,Memorial Ground FL PHARMACY 02,Memorial,PRNT06,AAGPHAP02,\\PRNT06\AAGPHAP02,HP Lzj 4250,
B,10.74.17.54,Memorial Ground FL PHARMACY 03,Memorial,PRNT06,AAGPHAP03,\\PRNT06\AAGPHAP03,HP Lzj 4250,
B,10.74.17.55,Memorial Ground FL PHARMACY 04,Memorial,PRNT06,AAGPHAP04,\\PRNT06\AAGPHAP04,???,
x,10.74.17.56,Memorial Ground FL PHARMACY 05,Memorial,PRNT06,AAGPHAP05,\\PRNT06\AAGPHAP05,HP Lzj 4250,
B,10.74.17.57,Memorial Ground FL PHARMACY 06,Memorial,PRNT06,AAGPHAP06,\\PRNT06\AAGPHAP06,HP Lzj 4250,
B,10.74.15.18,Memorial FL G PHARMACY 08,Memorial,PRNT03,AAGPHAP08,\\PRNT03\AAGPHAP08,,
W,10.74.70.19,Memorial Plaster Room 01,Memorial,PRNT05,AAGPLR01,\\PRNT05\AAGPLR01,,
B,10.74.3.246,Memorial Ground Radiology 07,Memorial,PRNT03,AAGRAD07,\\PRNT03\AAGRAD07,,
B,10.74.3.232,Memorial Grnd RADIOLOGY 08,Memorial,PRNT03,AAGRADP08,\\PRNT03\AAGRADP08,,
x,10.74.16.228,Memorial Ground Registration 01,Memorial,PRNT03,AAGREG01,\\PRNT03\AAGREG01,,
B,10.74.17.83,Mem Patient Registration 01,Memorial,PRNT05,AAGREG01,\\PRNT05\AAGREG01,,
x,10.74.17.84,Mem Patient Registration 02,Memorial,PRNT05,AAGREG02,\\PRNT05\AAGREG02,,
,10.74.16.230,Mem Ground Registration 08,Memorial,PRNT03,AAGREG08,\\PRNT03\AAGREG08,,
B,10.74.17.44,Memorial Grnd REGISTRATION 11,Memorial,PRNT04,AAGREGP11,\\PRNT04\AAGREGP11,,
,10.74.91.253,Mem Rheumatology West Ground,Memorial,PRNT03,AAGRHE15,\\PRNT03\AAGRHE15,,
x,10.74.91.246,Memorial Ground Fl Rheumatology 16,Memorial,PRNT05,AAGRHE16,\\PRNT05\AAGRHE16,,
,10.74.91.20,Memorial Ground Rheumatology 17,Memorial,PRNT06,AAGRHE17,\\PRNT06\AAGRHE17,HP Lzj P4014,
W,10.74.91.18,Memorial Ground FL RHEUMATOLOGY 18,Memorial,PRNT06,AAGRHEP18,\\PRNT06\AAGRHEP18,HP Col Lzj CP3525,
,10.74.91.15,Memorial Grnd RHEUMATOLOGY 19,Memorial,PRNT03,AAGRHEP19,\\PRNT03\AAGRHEP19,,
W,10.74.91.22,Memorial Grd RHEUMATOLOGY 20,Memorial,PRNT01,AAGRHEP20,\\PRNT01\AAGRHEP20,Tosh Top Access,
W,10.74.91.36,Memorial Ground FL RHEUMATOLOGY 21,Memorial,PRNT01,AAGRHEP21,\\PRNT01\AAGRHEP21,HP Lzj 4250,
W,10.74.91.11,Memorial Ground RHEUMATOLOGY 22,Memorial,PRNT06,AAGRHEP22,\\PRNT06\AAGRHEP22,HP Lzj M3035,
x,10.74.91.23,Memorial Gr RHEUMATOLOGY 23,Memorial,PRNT01,AAGRHEP23,\\PRNT01\AAGRHEP23,HP,
W,10.74.91.24,Memorial Gr RHEUMATOLOGY 24,Memorial,PRNT01,AAGRHEP24,\\PRNT01\AAGRHEP24,HP Lzj P2015,
W,10.74.91.25,Memorial Gr RHEUMATOLOGY 25,Memorial,PRNT01,AAGRHEP25,\\PRNT01\AAGRHEP25,HP Lzj P2015,
x,10.74.91.21,Memorial Gr RHEUMATOLOGY 26,Memorial,PRNT01,AAGRHEP26,\\PRNT01\AAGRHEP26,HP Lzj P2015,
x,10.74.91.249,Memorial Gr RHEUMATOLOGY 27,Memorial,PRNT01,AAGRHEP27,\\PRNT01\AAGRHEP27,HP Lzj P3005,
W,10.74.93.252,Mem Ground Rheumatology…,Memorial,PRNT02,AAGRHEP30,\\PRNT02\AAGRHEP30,,
,10.74.61.22,Memorial Security,Memorial,PRNT04,AAGSEC01,\\PRNT04\AAGSEC01,,
x,10.74.91.242,Memorial OBGYN 01,Memorial,PRNT06,AAOAOBG01,\\PRNT06\AAOAOBG01,HP,
x,10.74.91.244,Memorial OBGYN 03,Memorial,PRNT02,AAOAOBG03,\\PRNT02\AAOAOBG03,,
x,10.74.91.33,Memorial OA OB/GYN 04,Memorial,PRNT03,AAOAOBGP04,\\PRNT03\AAOAOBGP04,,
W,10.74.91.34,Memorial Oak Ave Rheumatology 01,Memorial,PRNT05,AAOARHEP01,\\PRNT05\AAOARHEP01,,
,10.74.103.244,Mem Jaquith OB/GYN,Memorial,PRNT05,AAOBGY,\\PRNT05\AAOBGY,,
,10.74.94.48,Mem-West 1st F Nursing 03,Memorial,PRNT05,AAWIMSP03,\\PRNT05\AAWIMSP03,,
x,10.74.91.27,Mem Kitchen Nutrition Office 01,Memorial,PRNT04,BACKUP,\\PRNT04\BACKUP,,
,10.74.17.37,Memorial Campus ER Triage/Registration Label 13,Memorial,PRNT06,E1TSD13,\\PRNT06\E1TSD13,Server!?,
,10.74.21.51,Memorial East 4 Maternity Registration Label 12,Memorial,PRNT06,E4TSB12,\\PRNT06\E4TSB12,Server!?,
,10.74.17.87,Mem-East 1st F Emergency,Memorial,PRNT05,ER,\\PRNT05\ER,,
B,10.74.39.34,Memorial Cardiology 01,Memorial,PRNT02,JQ1CAR01,\\PRNT02\JQ1CAR01,,
x,10.74.41.17,Memorial EKG 05,Memorial,PRNT02,JQ1EKG05,\\PRNT02\JQ1EKG05,,
,10.74.41.18,Memorial Radiology 02,Memorial,PRNT02,JQ1RAD02,\\PRNT02\JQ1RAD02,,
x,10.74.41.22,Memorial NucMed 04,Memorial,PRNT02,JQ1RAD04,\\PRNT02\JQ1RAD04,,
B,10.74.41.23,Memorial Radiology 12,Memorial,PRNT02,JQ1RAD12,\\PRNT02\JQ1RAD12,,
B,10.74.39.32,Memorial Radiology 13,Memorial,PRNT02,JQ1RAD13,\\PRNT02\JQ1RAD13,,
W,10.74.41.21,Memorial Jaquith OB/GYN 01,Memorial,PRNT04,JQ2OBG01,\\PRNT04\JQ2OBG01,,
W,10.74.41.24,Memorial Jaquith OB/GYN 02,Memorial,PRNT05,JQ2OBG02,\\PRNT05\JQ2OBG02,,
B,10.74.39.18,Memorial Jaquith OB/GYN 03,Memorial,PRNT02,JQ2OBG03,\\PRNT02\JQ2OBG03,,
W,10.74.39.16,Memorial OBGYN 05,Memorial,PRNT02,JQ2OBG05,\\PRNT02\JQ2OBG05,,
,10.74.39.140,Memorial Jaquith OB/GYN 09 4th Floor,Memorial,PRNT02,JQ2OBG09,\\PRNT02\JQ2OBG09,,
B,10.74.41.16,Memorial OB/GYN 10,Memorial,PRNT05,JQ2OBG10,\\PRNT05\JQ2OBG10,,
W,10.74.39.15,Memorial Jaquith OB/GYN 12,Memorial,PRNT02,JQ2OBG12,\\PRNT02\JQ2OBG12,,
B,10.74.39.39,Memorial Jaquith OB/GYN 20,Memorial,PRNT04,JQ2OBG20,\\PRNT04\JQ2OBG20,,
B,10.74.35.21,Memorial Mammography 01,Memorial,PRNT05,JQB1MAM01,\\PRNT05\JQB1MAM01,,
B,10.74.35.24,Memorial Mammography 03,Memorial,PRNT04,JQB1MAM03,\\PRNT04\JQB1MAM03,,
,10.74.33.48,Mem Mamography 04,Memorial,PRNT04,JQB1MAM04,\\PRNT04\JQB1MAM04,,
x,10.74.35.19,Memorial Radiology 02,Memorial,PRNT02,JQB1RAD12,\\PRNT02\JQB1RAD12,,
W,10.74.36.29,Memorial Case Management,Memorial,PRNT02,JQGCSM01,\\PRNT02\JQGCSM01,,
B,10.74.36.243,Memorial Family Medicine 01,Memorial,PRNT02,JQGFAM01,\\PRNT02\JQGFAM01,,
B,10.74.36.18,Memorial Family Medicine Hospitalists,Memorial,PRNT01,JQGFMD02,\\PRNT01\JQGFMD02,HP Lzj P3005,
B,10.74.36.17,Memorial Infectious Disease 02,Memorial,PRNT02,JQGIND02,\\PRNT02\JQGIND02,,
W,10.74.36.19,Memorial Internal Medicine 01,Memorial,PRNT05,JQGINT01,\\PRNT05\JQGINT01,,
x,10.74.36.15,Memorial Dept. of Medicine 01,Memorial,PRNT05,JQGMED01,\\PRNT05\JQGMED01,,
B,10.74.36.16,Memorial Dept. of Medicine 04,Memorial,PRNT05,JQGMED04,\\PRNT05\JQGMED04,,
W,10.74.33.29,Memorial Radiology 15,Memorial,PRNT02,JQL1MAMP01,\\PRNT02\JQL1MAMP01,,
B,10.74.92.246,Mem CBORD Kitchen Printer,Memorial,PRNT04,KITCHEN,\\PRNT04\KITCHEN,,
,10.74.92.254,Mem CBORD Kitchen Printer #2,Memorial,PRNT04,KITCHEN2,\\PRNT04\KITCHEN2,,
T,10.74.11.20,Memorial ACB OB/GYN 01,Memorial,PRNT05,LV1OBG01,\\PRNT05\LV1OBG01,,
X,10.74.11.18,Memorial OBGYN 01,Memorial,PRNT02,LV1OBG03,\\PRNT02\LV1OBG03,,
B,10.74.73.23,MEM Admin 01,Memorial,PRNT04,MADMIN01,\\PRNT04\MADMIN01,,
B,10.74.91.25,Mem Cold Ticket Ptr,Memorial,PRNT04,MCOLD1,\\PRNT04\MCOLD1,,
?,10.74.19.13,Memorial Peter Levine Cancer Center Label 16,Memorial,PRNT06,MEC20116,\\PRNT06\MEC20116,???,
,10.74.17.36,Memorial East Ground Main Registration Label 14,Memorial,PRNT06,MEE10214,\\PRNT06\MEE10214,Server!?,
x,10.74.70.24,MEM Amb Care 07,Memorial,PRNT04,MEMAMB07,\\PRNT04\MEMAMB07,,
B,10.74.99.229,MEM Anisthesiology,Memorial,PRNT04,MEMANO01,\\PRNT04\MEMANO01,,
B,10.74.67.243,Mem Engineeering,Memorial,PRNT04,MEMENG,\\PRNT04\MEMENG,,
W,10.74.91.28,Mem Food Services 01,Memorial,PRNT02,MEMFS01,\\PRNT02\MEMFS01,,
,10.74.36.55,Mem Gastroentrology,Memorial,PRNT04,MEMGAS,\\PRNT04\MEMGAS,,
x,10.74.8.42,Memorial HLA Lab 01,Memorial,PRNT01,MEMHLA01,\\PRNT01\MEMHLA01,HP Lzj 4250,
B,10.74.76.37,Mem ICU,Memorial,PRNT02,MEMICU,\\PRNT02\MEMICU,,
B,10.74.19.11,Mem ICU 01,Memorial,PRNT04,MEMICU01,\\PRNT04\MEMICU01,,
,10.74.70.243,Mem Medical Mgmnt,Memorial,PRNT02,MemMed,\\PRNT02\MemMed,,
x,10.74.79.240,Mem Medical Short Stay 01,Memorial,PRNT01,MEMMSS01,\\PRNT01\MEMMSS01,HP Lzj 4350,
x,10.74.99.228,Mem Nursing Resources 02,Memorial,PRNT04,MEMNR02,\\PRNT04\MEMNR02,,
W,10.74.79.248,Mem Nursing Admin,Memorial,PRNT04,MEMNUR,\\PRNT04\MEMNUR,,
B,10.74.90.245,Memorial Nursing,Memorial,PRNT04,MemNur01,\\PRNT04\MemNur01,,
x,10.74.90.246,Memorial Nursing 04,Memorial,PRNT04,MemNur04,\\PRNT04\MemNur04,,
B,10.74.90.247,Memorial Nursing 05,Memorial,PRNT01,MEMNUR05,\\PRNT01\MEMNUR05,HP Lzj 4250,
x,10.74.70.21,Memorial Telephone Operator,Memorial,PRNT04,MEMOP,\\PRNT04\MEMOP,,
x,10.74.105.242,Mem Perinatology 01,Memorial,PRNT04,MemPer01,\\PRNT04\MemPer01,,
x,10.74.6.247,Mem Phlebotomy 00,Memorial,PRNT04,MemPhl,\\PRNT04\MemPhl,,
B,10.74.5.31,Mem Radiology 01,Memorial,PRNT04,MemRad01,\\PRNT04\MemRad01,,
B,10.74.5.34,Mem Radiology 03,Memorial,PRNT04,MemRad03,\\PRNT04\MemRad03,,
Double ip ,10.74.15.246,Mem Patient Reg,Memorial,PRNT05,MemReg,\\PRNT05\MemReg,,
,10.74.15.246,Mem Patient Reg 02,Memorial,PRNT04,memreg02,\\PRNT04\memreg02,,
,10.74.9.24,Mem Rad/Onc 01,Memorial,PRNT05,MemRO01,\\PRNT05\MemRO01,,
*,10.74.11.22,Mem Rad/Onc 02,Memorial,PRNT05,MemRO02,\\PRNT05\MemRO02,,Levine oncology
*,10.74.11.19,Mem Rad/Onc 03,Memorial,PRNT05,MemRO03,\\PRNT05\MemRO03,,Levine reception
,10.74.134.36,Mem Surgery 04,Memorial,PRNT01,MEMSUR04,\\PRNT01\MEMSUR04,HP Lzj 4250,
B,10.74.15.222,Mem Training Room 01,Memorial,PRNT01,MEMTRA01,\\PRNT01\MEMTRA01,HP Lzj 4200,
W,10.74.91.13,Mem Kitchen Nutrition Office 02,Memorial,PRNT04,MENUS,\\PRNT04\MENUS,,
,10.74.103.38,Memorial West 4 OBGYN Label 09,Memorial,PRNT06,MEW4019,\\PRNT06\MEW4019,server!?,
,10.74.91.24,Mem HOT Ticket PRINTER,Memorial,PRNT04,MHOT1,\\PRNT04\MHOT1,,
,10.74.48.38,Memorial North BLD. Private Outpatient Embosser POP / Infusion Label 14,Memorial,PRNT06,N1TSA14,\\PRNT06\N1TSA14,???,
B,10.74.21.64,Mem PACU 01,Memorial,PRNT05,PACU01,\\PRNT05\PACU01,,
,10.74.67.36,Memorial-South B Pharmacy 13,Memorial,PRNT01,SBTSB13Z,\\PRNT01\SBTSB13Z,Zebra?,
,10.74.67.35,Memorial-South B Pharmacy 15,Memorial,PRNT01,SBTSB15Z,\\PRNT01\SBTSB15Z,Zebra?,
,10.74.70.29,Memorial South Ground Spine Clinic - Reception Desk Label 15,Memorial,PRNT06,SGTSA15,\\PRNT06\SGTSA15,server!?,
B,10.74.131.250,Mem Swift House Surgery 01,Memorial,PRNT05,SU2SUR01,\\PRNT05\SU2SUR01,,
W,10.74.5.37,Mem Radiology 10,Memorial,PRNT04,URAD10,\\PRNT04\URAD10,,
B,10.74.143.249,25 Oak Ave. FL2 OB/GYN 01,Oak Ave,PRNT05,252OBGP01,\\PRNT05\252OBGP01,,
B,10.74.143.248,25 Oak Ave. Urology 01,Oak Ave,PRNT05,25BURO01,\\PRNT05\25BURO01,,
,10.130.2.15,33 Oak Ave Orthopedics,Oak Avenue,PRNT06,332ORTP01,\\PRNT06\332ORTP01,,
x,10.74.70.18,,,PRNT02,AAGSN03,\\PRNT02\AAGSN03,,
x,10.74.64.243,SWL2.011,,,,,,
x,10.74.81.246,FL 3 Mem Rehab,Memorial,,,,,
x,10.74.17.94,,,PRNT01,AAGPAS01,\\PRNT01\AAGPAS01,,
x,10.74.16.242,Administration,,,,,,
x,10.74.8.39,Lab Area,,,,,,
x,10.74.8.26,Lab Blood Bank,,,,,,
x,10.74.94.251,,,,AA1NUR02,,,
x,10.74.92.247,,,PRNT02,AABLEC01,\\PRNT02\AABLEC01,,
x,10.74.91.19,,,PRNT01,AAGRHE03,\\PRNT01\AAGRHE03,,
x,10.74.91.16,,,PRNT01,AAGRHE06,\\PRNT01\AAGRHE06,,
x,10.74.92.17,,,PRNT01,AAGRHE05,\PRNT01\AAGRHE05,,
x,10.74.92.251,,,PRNT01,AAGRHE08,\\PRNT01\AAGRHE09,,
x,10.74.91.10,,,PRNT01,AAGRHE07,\\PRNT01\AAGRHE07,,
x,10.74.92.249,Grund Floor,,,,,,
x,10.74.76.26,Hospital Admin South FL1,,,,,,
x,10.74.75.30,SW1.049 Dep Of Medicine,,,,,,
x,10.74.105.243,,,PRNT02,AA4WHM01,\\PRNT02\AA4WHM01,,
B,10.74.9.24,,Levine,,,,,
B,10.74 56.16,Levine Cancer Center FL2 OB/GYN 09,Levine,,,\\prnt05\LV2OBGP09,,
B,10.74.57.16,Levine FL2 OB/GYN 16,Levine,,,\\prnt02\LV2OBGP16,,
B,10.74.56.38,Levine Cancer Center FL2 DEPARTMENT OF OB & GYN 11,Levine,,,\\prnt06\LV2OBGP11,,
B,10.74.9.28,Levine Cancer Center Floor G UROLOGY Printer 09,Levine,,,\\prnt06\LVGUROP09,,
B,10.74.9.239,Levine Cancer Center 1st RADIOLOGY-ONCOLOGY 02,Levine,,,\\prnt03\LV1RDOP02,,
B,10.74.73.230,,Memorial,,,,,
B,10.74.15.18,aa1had07,Memorial,,,\\prnt02\AA1HAD07,,
B,10.74.99.211,,Memorial,,,,,
B,10.74.41.28,Memorial Jaquith OB/GYN 21,Jaquith,,,\\prnt04\JQ2OBG21,,
B,10.74.41.19,,Jaquith,,,,,
B,10.74.73.22,,Jaquith,,,,,
B,10.74.30.24,,Jaquith,,,,,
B,10.74.30.248,,Jaquith,,,,,
B,10.74.91.254,,Jaquith,,,,,
B,10.74.69.17,aabeng05,Jaquith,,,\\prnt05\AABENG05,,
B,10.74.38.16,,Jaquith,,,,,
B,10.74.16.242,,Memorial,,,,,
B,10.74.103.33,,Memorial,,,,,
W,10.74.92.12,Rheumetology,,PRNT01,AAGRHE04,\\PRNT01\AAGRHE04,,
W,10.74.92.252,Rheumetology,,PRNT01,AAGRHE12,\\PRNT01\AAGRHE12,,
W,10.74.75.44,SW1.041,,PRNT01,AA1ORT25,\\PRNT01\AA1ORT25,,
W,10.74.75.26,Ortho - admin office,,PRNT05,119ORTH01,\\PRNT05\119ORTH01,,
W,10.74.73.11,Ortho - admin office,,PRNT02,AA1ORT19,\\PRNT02\AA1ORT19,,
W,10.74.70.20,,,PRNT02,AAGSPN05,\\PRNT02\AAGSPN05,,
W,10.74.76.10,,,PRNT05,AAORT16,\\PRNT05\AAORT16,,
W,10.74.50.16,NW1-052,,,,,,
W,10.74.70.27,,,,,,,
W,10.74.9.59,Levine Gynecologic Oncology,,,,,,
W,10.30.35.98,MB2.018,,,,,,
W,10.74.36.241,JBG.045,,,,,,
W,10.74.36.14,JBG.014,,,,,,
W,10.74.36.61,JBG.035,,,,,,
W,10.74.103.32,Womens health Laborist office,,PRNT01,AA4OBGW21,,,
x,10.74.103.28,,,prnt01,aa4neop03,,,
W,10.74.103.241,,,Prnt03,aa4cwc05,,,
W,10.74.5.38,Radiology control,,prnt02,aagrad01,,,
x,10.74.5.35,,,prnt01,urad09,,,
X,10.74.5.40,radiology,,,,,,
x,10.74.90.248,dialysis,,,,,,
W,10.74.36.250,,jaq,prnt02,jqgindp02,,,
W,10.74.16.24,fl1 pink area,,prnt01,aagcsr01,,,
W,10.74.24.83,,,prnt02,aa4nic01,,,
